projection,page_size=25,page_count=1,repetition=0,page=0,results=25,apply_ms=2.370700,layout_ms=0.156000,flushes=1,measure_passes=1,arrange_passes=1
projection,page_size=25,page_count=1,repetition=1,page=0,results=25,apply_ms=2.730700,layout_ms=0.117100,flushes=1,measure_passes=1,arrange_passes=1
projection,page_size=25,page_count=1,repetition=2,page=0,results=25,apply_ms=3.041100,layout_ms=0.121700,flushes=1,measure_passes=1,arrange_passes=1
projection,page_size=25,page_count=1,repetition=3,page=0,results=25,apply_ms=2.238600,layout_ms=0.106100,flushes=1,measure_passes=1,arrange_passes=1
projection,page_size=25,page_count=1,repetition=4,page=0,results=25,apply_ms=2.173000,layout_ms=0.121600,flushes=1,measure_passes=1,arrange_passes=1
projection,page_size=25,page_count=1,repetition=5,page=0,results=25,apply_ms=2.792200,layout_ms=0.200200,flushes=1,measure_passes=1,arrange_passes=1
projection,page_size=25,page_count=1,repetition=6,page=0,results=25,apply_ms=3.683200,layout_ms=0.169100,flushes=1,measure_passes=1,arrange_passes=1
projection,page_size=25,page_count=1,repetition=7,page=0,results=25,apply_ms=3.688400,layout_ms=0.165200,flushes=1,measure_passes=1,arrange_passes=1
projection,page_size=25,page_count=1,repetition=8,page=0,results=25,apply_ms=3.619800,layout_ms=0.162600,flushes=1,measure_passes=1,arrange_passes=1
projection,page_size=25,page_count=1,repetition=9,page=0,results=25,apply_ms=3.152200,layout_ms=0.147300,flushes=1,measure_passes=1,arrange_passes=1
projection,page_size=25,page_count=1,repetition=10,page=0,results=25,apply_ms=2.103300,layout_ms=0.129100,flushes=1,measure_passes=1,arrange_passes=1
projection,page_size=25,page_count=1,repetition=11,page=0,results=25,apply_ms=2.128200,layout_ms=0.103000,flushes=1,measure_passes=1,arrange_passes=1
projection,page_size=25,page_count=1,repetition=12,page=0,results=25,apply_ms=2.236800,layout_ms=0.108400,flushes=1,measure_passes=1,arrange_passes=1
projection,page_size=25,page_count=1,repetition=13,page=0,results=25,apply_ms=2.041500,layout_ms=0.100400,flushes=1,measure_passes=1,arrange_passes=1
projection,page_size=25,page_count=1,repetition=14,page=0,results=25,apply_ms=1.866500,layout_ms=0.100500,flushes=1,measure_passes=1,arrange_passes=1
projection,page_size=25,page_count=1,repetition=15,page=0,results=25,apply_ms=1.946300,layout_ms=0.146600,flushes=1,measure_passes=1,arrange_passes=1
projection,page_size=25,page_count=1,repetition=16,page=0,results=25,apply_ms=2.208300,layout_ms=0.102600,flushes=1,measure_passes=1,arrange_passes=1
projection,page_size=25,page_count=1,repetition=17,page=0,results=25,apply_ms=1.901200,layout_ms=0.099500,flushes=1,measure_passes=1,arrange_passes=1
projection,page_size=25,page_count=1,repetition=18,page=0,results=25,apply_ms=2.012800,layout_ms=0.101500,flushes=1,measure_passes=1,arrange_passes=1
projection,page_size=25,page_count=1,repetition=19,page=0,results=25,apply_ms=2.066400,layout_ms=0.110300,flushes=1,measure_passes=1,arrange_passes=1
projection,page_size=25,page_count=1,repetition=20,page=0,results=25,apply_ms=1.997500,layout_ms=0.100600,flushes=1,measure_passes=1,arrange_passes=1
projection,page_size=25,page_count=1,repetition=21,page=0,results=25,apply_ms=1.890100,layout_ms=0.096900,flushes=1,measure_passes=1,arrange_passes=1
projection,page_size=25,page_count=1,repetition=22,page=0,results=25,apply_ms=1.927800,layout_ms=0.098000,flushes=1,measure_passes=1,arrange_passes=1
projection,page_size=25,page_count=1,repetition=23,page=0,results=25,apply_ms=2.050900,layout_ms=0.101400,flushes=1,measure_passes=1,arrange_passes=1
projection,page_size=25,page_count=1,repetition=24,page=0,results=25,apply_ms=1.845900,layout_ms=0.097000,flushes=1,measure_passes=1,arrange_passes=1
projection,page_size=25,page_count=1,repetition=25,page=0,results=25,apply_ms=2.238600,layout_ms=0.147000,flushes=1,measure_passes=1,arrange_passes=1
projection,page_size=25,page_count=1,repetition=26,page=0,results=25,apply_ms=2.762200,layout_ms=0.150400,flushes=1,measure_passes=1,arrange_passes=1
projection,page_size=25,page_count=1,repetition=27,page=0,results=25,apply_ms=2.206600,layout_ms=0.109900,flushes=1,measure_passes=1,arrange_passes=1
projection,page_size=25,page_count=1,repetition=28,page=0,results=25,apply_ms=1.883900,layout_ms=0.106400,flushes=1,measure_passes=1,arrange_passes=1
projection,page_size=25,page_count=1,repetition=29,page=0,results=25,apply_ms=1.946700,layout_ms=0.094800,flushes=1,measure_passes=1,arrange_passes=1
projection,page_size=100,page_count=1,repetition=0,page=0,results=100,apply_ms=7.704500,layout_ms=0.157200,flushes=1,measure_passes=1,arrange_passes=1
projection,page_size=100,page_count=1,repetition=1,page=0,results=100,apply_ms=7.345500,layout_ms=0.112900,flushes=1,measure_passes=1,arrange_passes=1
projection,page_size=100,page_count=1,repetition=2,page=0,results=100,apply_ms=7.568800,layout_ms=0.116600,flushes=1,measure_passes=1,arrange_passes=1
projection,page_size=100,page_count=1,repetition=3,page=0,results=100,apply_ms=7.267200,layout_ms=0.105900,flushes=1,measure_passes=1,arrange_passes=1
projection,page_size=100,page_count=1,repetition=4,page=0,results=100,apply_ms=7.246200,layout_ms=0.114400,flushes=1,measure_passes=1,arrange_passes=1
projection,page_size=100,page_count=1,repetition=5,page=0,results=100,apply_ms=11.669400,layout_ms=0.183700,flushes=1,measure_passes=1,arrange_passes=1
projection,page_size=100,page_count=1,repetition=6,page=0,results=100,apply_ms=7.612400,layout_ms=0.114900,flushes=1,measure_passes=1,arrange_passes=1
projection,page_size=100,page_count=1,repetition=7,page=0,results=100,apply_ms=7.107300,layout_ms=0.107000,flushes=1,measure_passes=1,arrange_passes=1
projection,page_size=100,page_count=1,repetition=8,page=0,results=100,apply_ms=8.054600,layout_ms=0.116700,flushes=1,measure_passes=1,arrange_passes=1
projection,page_size=100,page_count=1,repetition=9,page=0,results=100,apply_ms=6.969000,layout_ms=0.104900,flushes=1,measure_passes=1,arrange_passes=1
projection,page_size=100,page_count=1,repetition=10,page=0,results=100,apply_ms=8.291400,layout_ms=0.120500,flushes=1,measure_passes=1,arrange_passes=1
projection,page_size=100,page_count=1,repetition=11,page=0,results=100,apply_ms=7.182200,layout_ms=0.111500,flushes=1,measure_passes=1,arrange_passes=1
projection,page_size=100,page_count=1,repetition=12,page=0,results=100,apply_ms=8.000100,layout_ms=0.109900,flushes=1,measure_passes=1,arrange_passes=1
projection,page_size=100,page_count=1,repetition=13,page=0,results=100,apply_ms=7.259900,layout_ms=0.105700,flushes=1,measure_passes=1,arrange_passes=1
projection,page_size=100,page_count=1,repetition=14,page=0,results=100,apply_ms=8.615100,layout_ms=0.172600,flushes=1,measure_passes=1,arrange_passes=1
projection,page_size=100,page_count=1,repetition=15,page=0,results=100,apply_ms=13.492600,layout_ms=0.154800,flushes=1,measure_passes=1,arrange_passes=1
projection,page_size=100,page_count=1,repetition=16,page=0,results=100,apply_ms=8.332500,layout_ms=0.115400,flushes=1,measure_passes=1,arrange_passes=1
projection,page_size=100,page_count=1,repetition=17,page=0,results=100,apply_ms=10.003100,layout_ms=0.173500,flushes=1,measure_passes=1,arrange_passes=1
projection,page_size=100,page_count=1,repetition=18,page=0,results=100,apply_ms=8.673700,layout_ms=0.115200,flushes=1,measure_passes=1,arrange_passes=1
projection,page_size=100,page_count=1,repetition=19,page=0,results=100,apply_ms=12.794200,layout_ms=0.185400,flushes=1,measure_passes=1,arrange_passes=1
projection,page_size=100,page_count=1,repetition=20,page=0,results=100,apply_ms=11.321000,layout_ms=0.134000,flushes=1,measure_passes=1,arrange_passes=1
projection,page_size=100,page_count=1,repetition=21,page=0,results=100,apply_ms=7.627000,layout_ms=0.108100,flushes=1,measure_passes=1,arrange_passes=1
projection,page_size=100,page_count=1,repetition=22,page=0,results=100,apply_ms=10.307600,layout_ms=0.169000,flushes=1,measure_passes=1,arrange_passes=1
projection,page_size=100,page_count=1,repetition=23,page=0,results=100,apply_ms=9.080600,layout_ms=0.128200,flushes=1,measure_passes=1,arrange_passes=1
projection,page_size=100,page_count=1,repetition=24,page=0,results=100,apply_ms=7.300900,layout_ms=0.108900,flushes=1,measure_passes=1,arrange_passes=1
projection,page_size=100,page_count=1,repetition=25,page=0,results=100,apply_ms=9.060400,layout_ms=0.187900,flushes=1,measure_passes=1,arrange_passes=1
projection,page_size=100,page_count=1,repetition=26,page=0,results=100,apply_ms=8.460200,layout_ms=0.113800,flushes=1,measure_passes=1,arrange_passes=1
projection,page_size=100,page_count=1,repetition=27,page=0,results=100,apply_ms=7.134000,layout_ms=0.111600,flushes=1,measure_passes=1,arrange_passes=1
projection,page_size=100,page_count=1,repetition=28,page=0,results=100,apply_ms=7.224300,layout_ms=0.117800,flushes=1,measure_passes=1,arrange_passes=1
projection,page_size=100,page_count=1,repetition=29,page=0,results=100,apply_ms=7.178000,layout_ms=0.109700,flushes=1,measure_passes=1,arrange_passes=1
projection,page_size=500,page_count=1,repetition=0,page=0,results=500,apply_ms=54.087600,layout_ms=0.215700,flushes=1,measure_passes=1,arrange_passes=1
projection,page_size=500,page_count=1,repetition=1,page=0,results=500,apply_ms=43.270800,layout_ms=0.201500,flushes=1,measure_passes=1,arrange_passes=1
projection,page_size=500,page_count=1,repetition=2,page=0,results=500,apply_ms=41.534300,layout_ms=0.211200,flushes=1,measure_passes=1,arrange_passes=1
projection,page_size=500,page_count=1,repetition=3,page=0,results=500,apply_ms=47.863300,layout_ms=0.139500,flushes=1,measure_passes=1,arrange_passes=1
projection,page_size=500,page_count=1,repetition=4,page=0,results=500,apply_ms=38.893300,layout_ms=0.140300,flushes=1,measure_passes=1,arrange_passes=1
projection,page_size=500,page_count=1,repetition=5,page=0,results=500,apply_ms=42.364900,layout_ms=0.141200,flushes=1,measure_passes=1,arrange_passes=1
projection,page_size=500,page_count=1,repetition=6,page=0,results=500,apply_ms=41.737800,layout_ms=0.155000,flushes=1,measure_passes=1,arrange_passes=1
projection,page_size=500,page_count=1,repetition=7,page=0,results=500,apply_ms=44.607500,layout_ms=0.148500,flushes=1,measure_passes=1,arrange_passes=1
projection,page_size=500,page_count=1,repetition=8,page=0,results=500,apply_ms=47.982800,layout_ms=0.140600,flushes=1,measure_passes=1,arrange_passes=1
projection,page_size=500,page_count=1,repetition=9,page=0,results=500,apply_ms=37.862700,layout_ms=0.140800,flushes=1,measure_passes=1,arrange_passes=1
projection,page_size=500,page_count=1,repetition=10,page=0,results=500,apply_ms=42.950800,layout_ms=0.141900,flushes=1,measure_passes=1,arrange_passes=1
projection,page_size=500,page_count=1,repetition=11,page=0,results=500,apply_ms=50.071200,layout_ms=0.139500,flushes=1,measure_passes=1,arrange_passes=1
projection,page_size=500,page_count=1,repetition=12,page=0,results=500,apply_ms=39.575800,layout_ms=0.142500,flushes=1,measure_passes=1,arrange_passes=1
projection,page_size=500,page_count=1,repetition=13,page=0,results=500,apply_ms=47.438800,layout_ms=0.204500,flushes=1,measure_passes=1,arrange_passes=1
projection,page_size=500,page_count=1,repetition=14,page=0,results=500,apply_ms=53.544200,layout_ms=0.190800,flushes=1,measure_passes=1,arrange_passes=1
projection,page_size=500,page_count=1,repetition=15,page=0,results=500,apply_ms=44.772200,layout_ms=0.205900,flushes=1,measure_passes=1,arrange_passes=1
projection,page_size=500,page_count=1,repetition=16,page=0,results=500,apply_ms=54.307600,layout_ms=0.143700,flushes=1,measure_passes=1,arrange_passes=1
projection,page_size=500,page_count=1,repetition=17,page=0,results=500,apply_ms=46.430100,layout_ms=0.150100,flushes=1,measure_passes=1,arrange_passes=1
projection,page_size=500,page_count=1,repetition=18,page=0,results=500,apply_ms=40.187200,layout_ms=0.145000,flushes=1,measure_passes=1,arrange_passes=1
projection,page_size=500,page_count=1,repetition=19,page=0,results=500,apply_ms=42.664300,layout_ms=0.211800,flushes=1,measure_passes=1,arrange_passes=1
projection,page_size=500,page_count=1,repetition=20,page=0,results=500,apply_ms=47.818300,layout_ms=0.150200,flushes=1,measure_passes=1,arrange_passes=1
projection,page_size=500,page_count=1,repetition=21,page=0,results=500,apply_ms=42.824700,layout_ms=0.294500,flushes=1,measure_passes=1,arrange_passes=1
projection,page_size=500,page_count=1,repetition=22,page=0,results=500,apply_ms=44.571800,layout_ms=0.150300,flushes=1,measure_passes=1,arrange_passes=1
projection,page_size=500,page_count=1,repetition=23,page=0,results=500,apply_ms=40.891400,layout_ms=0.213300,flushes=1,measure_passes=1,arrange_passes=1
projection,page_size=500,page_count=1,repetition=24,page=0,results=500,apply_ms=55.259800,layout_ms=0.141100,flushes=1,measure_passes=1,arrange_passes=1
projection,page_size=500,page_count=1,repetition=25,page=0,results=500,apply_ms=45.872600,layout_ms=0.145100,flushes=1,measure_passes=1,arrange_passes=1
projection,page_size=500,page_count=1,repetition=26,page=0,results=500,apply_ms=40.300000,layout_ms=0.150100,flushes=1,measure_passes=1,arrange_passes=1
projection,page_size=500,page_count=1,repetition=27,page=0,results=500,apply_ms=45.870500,layout_ms=0.139900,flushes=1,measure_passes=1,arrange_passes=1
projection,page_size=500,page_count=1,repetition=28,page=0,results=500,apply_ms=37.401000,layout_ms=0.157800,flushes=1,measure_passes=1,arrange_passes=1
projection,page_size=500,page_count=1,repetition=29,page=0,results=500,apply_ms=43.053500,layout_ms=0.146100,flushes=1,measure_passes=1,arrange_passes=1
projection,page_size=100,page_count=10,repetition=0,page=0,results=100,apply_ms=13.424800,layout_ms=0.237900,flushes=1,measure_passes=1,arrange_passes=1
projection,page_size=100,page_count=10,repetition=0,page=1,results=200,apply_ms=14.370400,layout_ms=0.192100,flushes=1,measure_passes=1,arrange_passes=1
projection,page_size=100,page_count=10,repetition=0,page=2,results=300,apply_ms=9.419300,layout_ms=0.125300,flushes=1,measure_passes=1,arrange_passes=1
projection,page_size=100,page_count=10,repetition=0,page=3,results=400,apply_ms=9.183200,layout_ms=0.141100,flushes=1,measure_passes=1,arrange_passes=1
projection,page_size=100,page_count=10,repetition=0,page=4,results=500,apply_ms=8.878200,layout_ms=0.137100,flushes=1,measure_passes=1,arrange_passes=1
projection,page_size=100,page_count=10,repetition=0,page=5,results=600,apply_ms=10.073900,layout_ms=0.126400,flushes=1,measure_passes=1,arrange_passes=1
projection,page_size=100,page_count=10,repetition=0,page=6,results=700,apply_ms=9.336800,layout_ms=0.146000,flushes=1,measure_passes=1,arrange_passes=1
projection,page_size=100,page_count=10,repetition=0,page=7,results=800,apply_ms=10.481100,layout_ms=0.137400,flushes=1,measure_passes=1,arrange_passes=1
projection,page_size=100,page_count=10,repetition=0,page=8,results=900,apply_ms=10.993700,layout_ms=0.143400,flushes=1,measure_passes=1,arrange_passes=1
projection,page_size=100,page_count=10,repetition=0,page=9,results=1000,apply_ms=13.630700,layout_ms=0.167300,flushes=1,measure_passes=1,arrange_passes=1
projection,page_size=100,page_count=10,repetition=1,page=0,results=100,apply_ms=8.386900,layout_ms=0.129800,flushes=1,measure_passes=1,arrange_passes=1
projection,page_size=100,page_count=10,repetition=1,page=1,results=200,apply_ms=8.353200,layout_ms=0.125700,flushes=1,measure_passes=1,arrange_passes=1
projection,page_size=100,page_count=10,repetition=1,page=2,results=300,apply_ms=11.460900,layout_ms=0.130400,flushes=1,measure_passes=1,arrange_passes=1
projection,page_size=100,page_count=10,repetition=1,page=3,results=400,apply_ms=9.584400,layout_ms=0.126000,flushes=1,measure_passes=1,arrange_passes=1
projection,page_size=100,page_count=10,repetition=1,page=4,results=500,apply_ms=13.066700,layout_ms=0.202200,flushes=1,measure_passes=1,arrange_passes=1
projection,page_size=100,page_count=10,repetition=1,page=5,results=600,apply_ms=11.955300,layout_ms=0.205500,flushes=1,measure_passes=1,arrange_passes=1
projection,page_size=100,page_count=10,repetition=1,page=6,results=700,apply_ms=13.957500,layout_ms=0.135100,flushes=1,measure_passes=1,arrange_passes=1
projection,page_size=100,page_count=10,repetition=1,page=7,results=800,apply_ms=12.045700,layout_ms=0.218200,flushes=1,measure_passes=1,arrange_passes=1
projection,page_size=100,page_count=10,repetition=1,page=8,results=900,apply_ms=11.353800,layout_ms=0.136100,flushes=1,measure_passes=1,arrange_passes=1
projection,page_size=100,page_count=10,repetition=1,page=9,results=1000,apply_ms=16.592600,layout_ms=0.174200,flushes=1,measure_passes=1,arrange_passes=1
projection,page_size=100,page_count=10,repetition=2,page=0,results=100,apply_ms=8.559800,layout_ms=0.133200,flushes=1,measure_passes=1,arrange_passes=1
projection,page_size=100,page_count=10,repetition=2,page=1,results=200,apply_ms=13.106300,layout_ms=0.215000,flushes=1,measure_passes=1,arrange_passes=1
projection,page_size=100,page_count=10,repetition=2,page=2,results=300,apply_ms=14.805000,layout_ms=0.211000,flushes=1,measure_passes=1,arrange_passes=1
projection,page_size=100,page_count=10,repetition=2,page=3,results=400,apply_ms=11.206000,layout_ms=0.129000,flushes=1,measure_passes=1,arrange_passes=1
projection,page_size=100,page_count=10,repetition=2,page=4,results=500,apply_ms=8.607200,layout_ms=0.126600,flushes=1,measure_passes=1,arrange_passes=1
projection,page_size=100,page_count=10,repetition=2,page=5,results=600,apply_ms=9.249600,layout_ms=0.134800,flushes=1,measure_passes=1,arrange_passes=1
projection,page_size=100,page_count=10,repetition=2,page=6,results=700,apply_ms=11.027200,layout_ms=0.201300,flushes=1,measure_passes=1,arrange_passes=1
projection,page_size=100,page_count=10,repetition=2,page=7,results=800,apply_ms=14.876000,layout_ms=0.230800,flushes=1,measure_passes=1,arrange_passes=1
projection,page_size=100,page_count=10,repetition=2,page=8,results=900,apply_ms=11.915700,layout_ms=0.142900,flushes=1,measure_passes=1,arrange_passes=1
projection,page_size=100,page_count=10,repetition=2,page=9,results=1000,apply_ms=17.661000,layout_ms=0.158200,flushes=1,measure_passes=1,arrange_passes=1
projection,page_size=100,page_count=10,repetition=3,page=0,results=100,apply_ms=9.821700,layout_ms=0.159800,flushes=1,measure_passes=1,arrange_passes=1
projection,page_size=100,page_count=10,repetition=3,page=1,results=200,apply_ms=7.974800,layout_ms=0.127000,flushes=1,measure_passes=1,arrange_passes=1
projection,page_size=100,page_count=10,repetition=3,page=2,results=300,apply_ms=8.202100,layout_ms=0.127300,flushes=1,measure_passes=1,arrange_passes=1
projection,page_size=100,page_count=10,repetition=3,page=3,results=400,apply_ms=8.583300,layout_ms=0.126200,flushes=1,measure_passes=1,arrange_passes=1
projection,page_size=100,page_count=10,repetition=3,page=4,results=500,apply_ms=10.020300,layout_ms=0.212400,flushes=1,measure_passes=1,arrange_passes=1
projection,page_size=100,page_count=10,repetition=3,page=5,results=600,apply_ms=15.989900,layout_ms=0.178700,flushes=1,measure_passes=1,arrange_passes=1
projection,page_size=100,page_count=10,repetition=3,page=6,results=700,apply_ms=9.353300,layout_ms=0.136100,flushes=1,measure_passes=1,arrange_passes=1
projection,page_size=100,page_count=10,repetition=3,page=7,results=800,apply_ms=9.661000,layout_ms=0.132900,flushes=1,measure_passes=1,arrange_passes=1
projection,page_size=100,page_count=10,repetition=3,page=8,results=900,apply_ms=10.002400,layout_ms=0.136400,flushes=1,measure_passes=1,arrange_passes=1
projection,page_size=100,page_count=10,repetition=3,page=9,results=1000,apply_ms=10.561900,layout_ms=0.141400,flushes=1,measure_passes=1,arrange_passes=1
projection,page_size=100,page_count=10,repetition=4,page=0,results=100,apply_ms=13.572300,layout_ms=0.210500,flushes=1,measure_passes=1,arrange_passes=1
projection,page_size=100,page_count=10,repetition=4,page=1,results=200,apply_ms=12.167600,layout_ms=0.133300,flushes=1,measure_passes=1,arrange_passes=1
projection,page_size=100,page_count=10,repetition=4,page=2,results=300,apply_ms=7.921400,layout_ms=0.122800,flushes=1,measure_passes=1,arrange_passes=1
projection,page_size=100,page_count=10,repetition=4,page=3,results=400,apply_ms=8.632300,layout_ms=0.125200,flushes=1,measure_passes=1,arrange_passes=1
projection,page_size=100,page_count=10,repetition=4,page=4,results=500,apply_ms=9.029400,layout_ms=0.193700,flushes=1,measure_passes=1,arrange_passes=1
projection,page_size=100,page_count=10,repetition=4,page=5,results=600,apply_ms=9.028200,layout_ms=0.141800,flushes=1,measure_passes=1,arrange_passes=1
projection,page_size=100,page_count=10,repetition=4,page=6,results=700,apply_ms=9.800900,layout_ms=0.136800,flushes=1,measure_passes=1,arrange_passes=1
projection,page_size=100,page_count=10,repetition=4,page=7,results=800,apply_ms=11.522900,layout_ms=0.176800,flushes=1,measure_passes=1,arrange_passes=1
projection,page_size=100,page_count=10,repetition=4,page=8,results=900,apply_ms=11.339900,layout_ms=0.131000,flushes=1,measure_passes=1,arrange_passes=1
projection,page_size=100,page_count=10,repetition=4,page=9,results=1000,apply_ms=15.378000,layout_ms=0.228800,flushes=1,measure_passes=1,arrange_passes=1
projection,page_size=100,page_count=10,repetition=5,page=0,results=100,apply_ms=15.745400,layout_ms=0.216900,flushes=1,measure_passes=1,arrange_passes=1
projection,page_size=100,page_count=10,repetition=5,page=1,results=200,apply_ms=8.431100,layout_ms=0.126000,flushes=1,measure_passes=1,arrange_passes=1
projection,page_size=100,page_count=10,repetition=5,page=2,results=300,apply_ms=8.698900,layout_ms=0.195600,flushes=1,measure_passes=1,arrange_passes=1
projection,page_size=100,page_count=10,repetition=5,page=3,results=400,apply_ms=11.072600,layout_ms=0.135100,flushes=1,measure_passes=1,arrange_passes=1
projection,page_size=100,page_count=10,repetition=5,page=4,results=500,apply_ms=8.666700,layout_ms=0.129100,flushes=1,measure_passes=1,arrange_passes=1
projection,page_size=100,page_count=10,repetition=5,page=5,results=600,apply_ms=9.195000,layout_ms=0.137600,flushes=1,measure_passes=1,arrange_passes=1
projection,page_size=100,page_count=10,repetition=5,page=6,results=700,apply_ms=9.481600,layout_ms=0.147700,flushes=1,measure_passes=1,arrange_passes=1
projection,page_size=100,page_count=10,repetition=5,page=7,results=800,apply_ms=12.154100,layout_ms=0.135500,flushes=1,measure_passes=1,arrange_passes=1
projection,page_size=100,page_count=10,repetition=5,page=8,results=900,apply_ms=11.512600,layout_ms=0.138800,flushes=1,measure_passes=1,arrange_passes=1
projection,page_size=100,page_count=10,repetition=5,page=9,results=1000,apply_ms=10.703100,layout_ms=0.143100,flushes=1,measure_passes=1,arrange_passes=1
projection,page_size=100,page_count=10,repetition=6,page=0,results=100,apply_ms=9.157900,layout_ms=0.140000,flushes=1,measure_passes=1,arrange_passes=1
projection,page_size=100,page_count=10,repetition=6,page=1,results=200,apply_ms=8.312200,layout_ms=0.136400,flushes=1,measure_passes=1,arrange_passes=1
projection,page_size=100,page_count=10,repetition=6,page=2,results=300,apply_ms=8.814000,layout_ms=0.139800,flushes=1,measure_passes=1,arrange_passes=1
projection,page_size=100,page_count=10,repetition=6,page=3,results=400,apply_ms=9.197000,layout_ms=0.135000,flushes=1,measure_passes=1,arrange_passes=1
projection,page_size=100,page_count=10,repetition=6,page=4,results=500,apply_ms=8.651400,layout_ms=0.130100,flushes=1,measure_passes=1,arrange_passes=1
projection,page_size=100,page_count=10,repetition=6,page=5,results=600,apply_ms=9.886800,layout_ms=0.137000,flushes=1,measure_passes=1,arrange_passes=1
projection,page_size=100,page_count=10,repetition=6,page=6,results=700,apply_ms=9.902900,layout_ms=0.190800,flushes=1,measure_passes=1,arrange_passes=1
projection,page_size=100,page_count=10,repetition=6,page=7,results=800,apply_ms=9.921200,layout_ms=0.138100,flushes=1,measure_passes=1,arrange_passes=1
projection,page_size=100,page_count=10,repetition=6,page=8,results=900,apply_ms=12.559400,layout_ms=0.154500,flushes=1,measure_passes=1,arrange_passes=1
projection,page_size=100,page_count=10,repetition=6,page=9,results=1000,apply_ms=14.433800,layout_ms=0.149700,flushes=1,measure_passes=1,arrange_passes=1
projection,page_size=100,page_count=10,repetition=7,page=0,results=100,apply_ms=8.698500,layout_ms=0.139100,flushes=1,measure_passes=1,arrange_passes=1
projection,page_size=100,page_count=10,repetition=7,page=1,results=200,apply_ms=7.638400,layout_ms=0.130100,flushes=1,measure_passes=1,arrange_passes=1
projection,page_size=100,page_count=10,repetition=7,page=2,results=300,apply_ms=8.144600,layout_ms=0.204100,flushes=1,measure_passes=1,arrange_passes=1
projection,page_size=100,page_count=10,repetition=7,page=3,results=400,apply_ms=14.011400,layout_ms=0.178300,flushes=1,measure_passes=1,arrange_passes=1
projection,page_size=100,page_count=10,repetition=7,page=4,results=500,apply_ms=13.474600,layout_ms=0.132500,flushes=1,measure_passes=1,arrange_passes=1
projection,page_size=100,page_count=10,repetition=7,page=5,results=600,apply_ms=10.335600,layout_ms=0.210100,flushes=1,measure_passes=1,arrange_passes=1
projection,page_size=100,page_count=10,repetition=7,page=6,results=700,apply_ms=10.828900,layout_ms=0.137000,flushes=1,measure_passes=1,arrange_passes=1
projection,page_size=100,page_count=10,repetition=7,page=7,results=800,apply_ms=9.892800,layout_ms=0.144900,flushes=1,measure_passes=1,arrange_passes=1
projection,page_size=100,page_count=10,repetition=7,page=8,results=900,apply_ms=9.986800,layout_ms=0.141100,flushes=1,measure_passes=1,arrange_passes=1
projection,page_size=100,page_count=10,repetition=7,page=9,results=1000,apply_ms=12.649100,layout_ms=0.158100,flushes=1,measure_passes=1,arrange_passes=1
projection,page_size=100,page_count=10,repetition=8,page=0,results=100,apply_ms=11.518700,layout_ms=0.228200,flushes=1,measure_passes=1,arrange_passes=1
projection,page_size=100,page_count=10,repetition=8,page=1,results=200,apply_ms=11.593600,layout_ms=0.195900,flushes=1,measure_passes=1,arrange_passes=1
projection,page_size=100,page_count=10,repetition=8,page=2,results=300,apply_ms=14.582800,layout_ms=0.127800,flushes=1,measure_passes=1,arrange_passes=1
projection,page_size=100,page_count=10,repetition=8,page=3,results=400,apply_ms=8.446900,layout_ms=0.130100,flushes=1,measure_passes=1,arrange_passes=1
projection,page_size=100,page_count=10,repetition=8,page=4,results=500,apply_ms=10.192500,layout_ms=0.135200,flushes=1,measure_passes=1,arrange_passes=1
projection,page_size=100,page_count=10,repetition=8,page=5,results=600,apply_ms=9.147400,layout_ms=0.122000,flushes=1,measure_passes=1,arrange_passes=1
projection,page_size=100,page_count=10,repetition=8,page=6,results=700,apply_ms=10.142500,layout_ms=0.126500,flushes=1,measure_passes=1,arrange_passes=1
projection,page_size=100,page_count=10,repetition=8,page=7,results=800,apply_ms=13.002900,layout_ms=0.199000,flushes=1,measure_passes=1,arrange_passes=1
projection,page_size=100,page_count=10,repetition=8,page=8,results=900,apply_ms=16.522900,layout_ms=0.155000,flushes=1,measure_passes=1,arrange_passes=1
projection,page_size=100,page_count=10,repetition=8,page=9,results=1000,apply_ms=11.339900,layout_ms=0.152000,flushes=1,measure_passes=1,arrange_passes=1
projection,page_size=100,page_count=10,repetition=9,page=0,results=100,apply_ms=8.971300,layout_ms=0.141900,flushes=1,measure_passes=1,arrange_passes=1
projection,page_size=100,page_count=10,repetition=9,page=1,results=200,apply_ms=11.964900,layout_ms=0.142300,flushes=1,measure_passes=1,arrange_passes=1
projection,page_size=100,page_count=10,repetition=9,page=2,results=300,apply_ms=12.823100,layout_ms=0.181500,flushes=1,measure_passes=1,arrange_passes=1
projection,page_size=100,page_count=10,repetition=9,page=3,results=400,apply_ms=10.474900,layout_ms=0.169700,flushes=1,measure_passes=1,arrange_passes=1
projection,page_size=100,page_count=10,repetition=9,page=4,results=500,apply_ms=12.674500,layout_ms=0.161800,flushes=1,measure_passes=1,arrange_passes=1
projection,page_size=100,page_count=10,repetition=9,page=5,results=600,apply_ms=11.561900,layout_ms=0.166600,flushes=1,measure_passes=1,arrange_passes=1
projection,page_size=100,page_count=10,repetition=9,page=6,results=700,apply_ms=12.805900,layout_ms=0.167600,flushes=1,measure_passes=1,arrange_passes=1
projection,page_size=100,page_count=10,repetition=9,page=7,results=800,apply_ms=11.899400,layout_ms=0.197000,flushes=1,measure_passes=1,arrange_passes=1
projection,page_size=100,page_count=10,repetition=9,page=8,results=900,apply_ms=12.659400,layout_ms=0.199700,flushes=1,measure_passes=1,arrange_passes=1
projection,page_size=100,page_count=10,repetition=9,page=9,results=1000,apply_ms=11.798600,layout_ms=0.171300,flushes=1,measure_passes=1,arrange_passes=1
