projection,page_size=25,page_count=1,repetition=0,page=0,results=25,prepare_ms=2.828800,apply_ms=0.289600,layout_ms=0.211400,flushes=1,measure_passes=1,arrange_passes=1
projection,page_size=25,page_count=1,repetition=1,page=0,results=25,prepare_ms=2.487400,apply_ms=0.192800,layout_ms=0.146000,flushes=1,measure_passes=1,arrange_passes=1
projection,page_size=25,page_count=1,repetition=2,page=0,results=25,prepare_ms=2.471900,apply_ms=0.134300,layout_ms=0.145600,flushes=1,measure_passes=1,arrange_passes=1
projection,page_size=25,page_count=1,repetition=3,page=0,results=25,prepare_ms=1.833600,apply_ms=0.136200,layout_ms=0.102000,flushes=1,measure_passes=1,arrange_passes=1
projection,page_size=25,page_count=1,repetition=4,page=0,results=25,prepare_ms=1.787400,apply_ms=0.127300,layout_ms=0.100700,flushes=1,measure_passes=1,arrange_passes=1
projection,page_size=25,page_count=1,repetition=5,page=0,results=25,prepare_ms=2.483300,apply_ms=0.148500,layout_ms=0.126500,flushes=1,measure_passes=1,arrange_passes=1
projection,page_size=25,page_count=1,repetition=6,page=0,results=25,prepare_ms=1.887900,apply_ms=0.129400,layout_ms=0.101900,flushes=1,measure_passes=1,arrange_passes=1
projection,page_size=25,page_count=1,repetition=7,page=0,results=25,prepare_ms=2.661400,apply_ms=0.189900,layout_ms=0.160300,flushes=1,measure_passes=1,arrange_passes=1
projection,page_size=25,page_count=1,repetition=8,page=0,results=25,prepare_ms=2.056600,apply_ms=0.123800,layout_ms=0.118200,flushes=1,measure_passes=1,arrange_passes=1
projection,page_size=25,page_count=1,repetition=9,page=0,results=25,prepare_ms=2.087400,apply_ms=0.117600,layout_ms=0.113300,flushes=1,measure_passes=1,arrange_passes=1
projection,page_size=25,page_count=1,repetition=10,page=0,results=25,prepare_ms=2.118500,apply_ms=0.126900,layout_ms=0.103000,flushes=1,measure_passes=1,arrange_passes=1
projection,page_size=25,page_count=1,repetition=11,page=0,results=25,prepare_ms=2.235900,apply_ms=0.135600,layout_ms=0.105200,flushes=1,measure_passes=1,arrange_passes=1
projection,page_size=25,page_count=1,repetition=12,page=0,results=25,prepare_ms=1.796000,apply_ms=0.124600,layout_ms=0.102300,flushes=1,measure_passes=1,arrange_passes=1
projection,page_size=25,page_count=1,repetition=13,page=0,results=25,prepare_ms=1.768700,apply_ms=0.125700,layout_ms=0.101100,flushes=1,measure_passes=1,arrange_passes=1
projection,page_size=25,page_count=1,repetition=14,page=0,results=25,prepare_ms=2.020000,apply_ms=0.131100,layout_ms=0.104600,flushes=1,measure_passes=1,arrange_passes=1
projection,page_size=25,page_count=1,repetition=15,page=0,results=25,prepare_ms=1.855200,apply_ms=0.159400,layout_ms=0.102100,flushes=1,measure_passes=1,arrange_passes=1
projection,page_size=25,page_count=1,repetition=16,page=0,results=25,prepare_ms=3.120900,apply_ms=0.203600,layout_ms=0.179800,flushes=1,measure_passes=1,arrange_passes=1
projection,page_size=25,page_count=1,repetition=17,page=0,results=25,prepare_ms=2.307000,apply_ms=0.126200,layout_ms=0.143500,flushes=1,measure_passes=1,arrange_passes=1
projection,page_size=25,page_count=1,repetition=18,page=0,results=25,prepare_ms=2.815800,apply_ms=0.197600,layout_ms=0.173100,flushes=1,measure_passes=1,arrange_passes=1
projection,page_size=25,page_count=1,repetition=19,page=0,results=25,prepare_ms=3.350000,apply_ms=0.192600,layout_ms=0.168800,flushes=1,measure_passes=1,arrange_passes=1
projection,page_size=25,page_count=1,repetition=20,page=0,results=25,prepare_ms=2.000900,apply_ms=0.137600,layout_ms=0.134900,flushes=1,measure_passes=1,arrange_passes=1
projection,page_size=25,page_count=1,repetition=21,page=0,results=25,prepare_ms=2.254200,apply_ms=0.197800,layout_ms=0.165200,flushes=1,measure_passes=1,arrange_passes=1
projection,page_size=25,page_count=1,repetition=22,page=0,results=25,prepare_ms=2.992900,apply_ms=0.194200,layout_ms=0.166700,flushes=1,measure_passes=1,arrange_passes=1
projection,page_size=25,page_count=1,repetition=23,page=0,results=25,prepare_ms=2.440500,apply_ms=0.130000,layout_ms=0.108800,flushes=1,measure_passes=1,arrange_passes=1
projection,page_size=25,page_count=1,repetition=24,page=0,results=25,prepare_ms=1.958500,apply_ms=0.167300,layout_ms=0.161000,flushes=1,measure_passes=1,arrange_passes=1
projection,page_size=25,page_count=1,repetition=25,page=0,results=25,prepare_ms=3.090300,apply_ms=0.208100,layout_ms=0.164000,flushes=1,measure_passes=1,arrange_passes=1
projection,page_size=25,page_count=1,repetition=26,page=0,results=25,prepare_ms=2.818300,apply_ms=0.192200,layout_ms=0.181800,flushes=1,measure_passes=1,arrange_passes=1
projection,page_size=25,page_count=1,repetition=27,page=0,results=25,prepare_ms=2.782300,apply_ms=0.209400,layout_ms=0.168000,flushes=1,measure_passes=1,arrange_passes=1
projection,page_size=25,page_count=1,repetition=28,page=0,results=25,prepare_ms=2.761800,apply_ms=0.199800,layout_ms=0.163400,flushes=1,measure_passes=1,arrange_passes=1
projection,page_size=25,page_count=1,repetition=29,page=0,results=25,prepare_ms=2.566600,apply_ms=0.136700,layout_ms=0.108500,flushes=1,measure_passes=1,arrange_passes=1
projection,page_size=100,page_count=1,repetition=0,page=0,results=100,prepare_ms=12.009500,apply_ms=0.735200,layout_ms=0.263700,flushes=1,measure_passes=1,arrange_passes=1
projection,page_size=100,page_count=1,repetition=1,page=0,results=100,prepare_ms=12.049800,apply_ms=1.157200,layout_ms=0.207100,flushes=1,measure_passes=1,arrange_passes=1
projection,page_size=100,page_count=1,repetition=2,page=0,results=100,prepare_ms=9.964500,apply_ms=0.493900,layout_ms=0.135200,flushes=1,measure_passes=1,arrange_passes=1
projection,page_size=100,page_count=1,repetition=3,page=0,results=100,prepare_ms=9.382300,apply_ms=0.516800,layout_ms=0.127100,flushes=1,measure_passes=1,arrange_passes=1
projection,page_size=100,page_count=1,repetition=4,page=0,results=100,prepare_ms=7.985900,apply_ms=0.740600,layout_ms=0.169100,flushes=1,measure_passes=1,arrange_passes=1
projection,page_size=100,page_count=1,repetition=5,page=0,results=100,prepare_ms=8.930800,apply_ms=0.432600,layout_ms=0.119500,flushes=1,measure_passes=1,arrange_passes=1
projection,page_size=100,page_count=1,repetition=6,page=0,results=100,prepare_ms=10.221100,apply_ms=0.438800,layout_ms=0.130800,flushes=1,measure_passes=1,arrange_passes=1
projection,page_size=100,page_count=1,repetition=7,page=0,results=100,prepare_ms=7.607600,apply_ms=0.413100,layout_ms=0.113900,flushes=1,measure_passes=1,arrange_passes=1
projection,page_size=100,page_count=1,repetition=8,page=0,results=100,prepare_ms=9.954900,apply_ms=0.681700,layout_ms=0.175200,flushes=1,measure_passes=1,arrange_passes=1
projection,page_size=100,page_count=1,repetition=9,page=0,results=100,prepare_ms=10.179800,apply_ms=0.395800,layout_ms=0.129900,flushes=1,measure_passes=1,arrange_passes=1
projection,page_size=100,page_count=1,repetition=10,page=0,results=100,prepare_ms=7.657800,apply_ms=0.415000,layout_ms=0.121200,flushes=1,measure_passes=1,arrange_passes=1
projection,page_size=100,page_count=1,repetition=11,page=0,results=100,prepare_ms=7.017900,apply_ms=0.400500,layout_ms=0.111700,flushes=1,measure_passes=1,arrange_passes=1
projection,page_size=100,page_count=1,repetition=12,page=0,results=100,prepare_ms=8.953300,apply_ms=0.471500,layout_ms=0.124400,flushes=1,measure_passes=1,arrange_passes=1
projection,page_size=100,page_count=1,repetition=13,page=0,results=100,prepare_ms=6.743900,apply_ms=0.380100,layout_ms=0.115000,flushes=1,measure_passes=1,arrange_passes=1
projection,page_size=100,page_count=1,repetition=14,page=0,results=100,prepare_ms=10.132200,apply_ms=0.677500,layout_ms=0.192300,flushes=1,measure_passes=1,arrange_passes=1
projection,page_size=100,page_count=1,repetition=15,page=0,results=100,prepare_ms=10.226200,apply_ms=0.402000,layout_ms=0.119000,flushes=1,measure_passes=1,arrange_passes=1
projection,page_size=100,page_count=1,repetition=16,page=0,results=100,prepare_ms=7.285800,apply_ms=0.385300,layout_ms=0.113800,flushes=1,measure_passes=1,arrange_passes=1
projection,page_size=100,page_count=1,repetition=17,page=0,results=100,prepare_ms=7.841300,apply_ms=0.615300,layout_ms=0.173700,flushes=1,measure_passes=1,arrange_passes=1
projection,page_size=100,page_count=1,repetition=18,page=0,results=100,prepare_ms=7.109200,apply_ms=0.394200,layout_ms=0.110500,flushes=1,measure_passes=1,arrange_passes=1
projection,page_size=100,page_count=1,repetition=19,page=0,results=100,prepare_ms=7.947400,apply_ms=0.419900,layout_ms=0.112300,flushes=1,measure_passes=1,arrange_passes=1
projection,page_size=100,page_count=1,repetition=20,page=0,results=100,prepare_ms=10.698900,apply_ms=0.701100,layout_ms=0.171200,flushes=1,measure_passes=1,arrange_passes=1
projection,page_size=100,page_count=1,repetition=21,page=0,results=100,prepare_ms=7.595500,apply_ms=0.424600,layout_ms=0.124600,flushes=1,measure_passes=1,arrange_passes=1
projection,page_size=100,page_count=1,repetition=22,page=0,results=100,prepare_ms=7.750800,apply_ms=0.649300,layout_ms=0.180800,flushes=1,measure_passes=1,arrange_passes=1
projection,page_size=100,page_count=1,repetition=23,page=0,results=100,prepare_ms=10.581100,apply_ms=0.691400,layout_ms=0.192000,flushes=1,measure_passes=1,arrange_passes=1
projection,page_size=100,page_count=1,repetition=24,page=0,results=100,prepare_ms=10.179700,apply_ms=0.732700,layout_ms=0.190600,flushes=1,measure_passes=1,arrange_passes=1
projection,page_size=100,page_count=1,repetition=25,page=0,results=100,prepare_ms=9.149000,apply_ms=0.486900,layout_ms=0.178400,flushes=1,measure_passes=1,arrange_passes=1
projection,page_size=100,page_count=1,repetition=26,page=0,results=100,prepare_ms=10.536900,apply_ms=0.415700,layout_ms=0.127800,flushes=1,measure_passes=1,arrange_passes=1
projection,page_size=100,page_count=1,repetition=27,page=0,results=100,prepare_ms=9.609300,apply_ms=0.753800,layout_ms=0.196100,flushes=1,measure_passes=1,arrange_passes=1
projection,page_size=100,page_count=1,repetition=28,page=0,results=100,prepare_ms=11.265400,apply_ms=0.775100,layout_ms=0.218500,flushes=1,measure_passes=1,arrange_passes=1
projection,page_size=100,page_count=1,repetition=29,page=0,results=100,prepare_ms=8.031000,apply_ms=0.401300,layout_ms=0.117600,flushes=1,measure_passes=1,arrange_passes=1
projection,page_size=500,page_count=1,repetition=0,page=0,results=500,prepare_ms=45.418300,apply_ms=2.139300,layout_ms=0.187000,flushes=1,measure_passes=1,arrange_passes=1
projection,page_size=500,page_count=1,repetition=1,page=0,results=500,prepare_ms=46.652100,apply_ms=3.177200,layout_ms=0.240900,flushes=1,measure_passes=1,arrange_passes=1
projection,page_size=500,page_count=1,repetition=2,page=0,results=500,prepare_ms=45.897100,apply_ms=4.225500,layout_ms=0.201400,flushes=1,measure_passes=1,arrange_passes=1
projection,page_size=500,page_count=1,repetition=3,page=0,results=500,prepare_ms=48.739100,apply_ms=3.997900,layout_ms=0.225600,flushes=1,measure_passes=1,arrange_passes=1
projection,page_size=500,page_count=1,repetition=4,page=0,results=500,prepare_ms=49.532100,apply_ms=3.072000,layout_ms=0.224300,flushes=1,measure_passes=1,arrange_passes=1
projection,page_size=500,page_count=1,repetition=5,page=0,results=500,prepare_ms=43.913500,apply_ms=2.569300,layout_ms=0.150200,flushes=1,measure_passes=1,arrange_passes=1
projection,page_size=500,page_count=1,repetition=6,page=0,results=500,prepare_ms=42.777500,apply_ms=3.976300,layout_ms=0.219300,flushes=1,measure_passes=1,arrange_passes=1
projection,page_size=500,page_count=1,repetition=7,page=0,results=500,prepare_ms=51.264100,apply_ms=4.398500,layout_ms=0.210700,flushes=1,measure_passes=1,arrange_passes=1
projection,page_size=500,page_count=1,repetition=8,page=0,results=500,prepare_ms=58.433400,apply_ms=4.128400,layout_ms=0.218600,flushes=1,measure_passes=1,arrange_passes=1
projection,page_size=500,page_count=1,repetition=9,page=0,results=500,prepare_ms=52.025200,apply_ms=2.564300,layout_ms=0.139100,flushes=1,measure_passes=1,arrange_passes=1
projection,page_size=500,page_count=1,repetition=10,page=0,results=500,prepare_ms=48.913400,apply_ms=3.699300,layout_ms=0.198000,flushes=1,measure_passes=1,arrange_passes=1
projection,page_size=500,page_count=1,repetition=11,page=0,results=500,prepare_ms=49.840600,apply_ms=3.634500,layout_ms=0.152200,flushes=1,measure_passes=1,arrange_passes=1
projection,page_size=500,page_count=1,repetition=12,page=0,results=500,prepare_ms=45.645500,apply_ms=4.030900,layout_ms=0.211500,flushes=1,measure_passes=1,arrange_passes=1
projection,page_size=500,page_count=1,repetition=13,page=0,results=500,prepare_ms=46.771000,apply_ms=4.417500,layout_ms=0.211000,flushes=1,measure_passes=1,arrange_passes=1
projection,page_size=500,page_count=1,repetition=14,page=0,results=500,prepare_ms=46.388000,apply_ms=4.048100,layout_ms=0.219700,flushes=1,measure_passes=1,arrange_passes=1
projection,page_size=500,page_count=1,repetition=15,page=0,results=500,prepare_ms=46.251000,apply_ms=4.078800,layout_ms=0.207800,flushes=1,measure_passes=1,arrange_passes=1
projection,page_size=500,page_count=1,repetition=16,page=0,results=500,prepare_ms=48.161300,apply_ms=2.598500,layout_ms=0.149800,flushes=1,measure_passes=1,arrange_passes=1
projection,page_size=500,page_count=1,repetition=17,page=0,results=500,prepare_ms=49.945900,apply_ms=4.506300,layout_ms=0.215200,flushes=1,measure_passes=1,arrange_passes=1
projection,page_size=500,page_count=1,repetition=18,page=0,results=500,prepare_ms=50.417600,apply_ms=4.045400,layout_ms=0.198900,flushes=1,measure_passes=1,arrange_passes=1
projection,page_size=500,page_count=1,repetition=19,page=0,results=500,prepare_ms=48.390700,apply_ms=2.877100,layout_ms=0.145500,flushes=1,measure_passes=1,arrange_passes=1
projection,page_size=500,page_count=1,repetition=20,page=0,results=500,prepare_ms=44.184000,apply_ms=3.334800,layout_ms=0.142000,flushes=1,measure_passes=1,arrange_passes=1
projection,page_size=500,page_count=1,repetition=21,page=0,results=500,prepare_ms=49.703200,apply_ms=2.537900,layout_ms=0.145300,flushes=1,measure_passes=1,arrange_passes=1
projection,page_size=500,page_count=1,repetition=22,page=0,results=500,prepare_ms=51.798800,apply_ms=4.192100,layout_ms=0.204000,flushes=1,measure_passes=1,arrange_passes=1
projection,page_size=500,page_count=1,repetition=23,page=0,results=500,prepare_ms=49.460600,apply_ms=2.717800,layout_ms=0.140400,flushes=1,measure_passes=1,arrange_passes=1
projection,page_size=500,page_count=1,repetition=24,page=0,results=500,prepare_ms=44.723300,apply_ms=3.371100,layout_ms=0.141900,flushes=1,measure_passes=1,arrange_passes=1
projection,page_size=500,page_count=1,repetition=25,page=0,results=500,prepare_ms=47.939700,apply_ms=4.957200,layout_ms=0.212300,flushes=1,measure_passes=1,arrange_passes=1
projection,page_size=500,page_count=1,repetition=26,page=0,results=500,prepare_ms=50.175200,apply_ms=2.935600,layout_ms=0.148700,flushes=1,measure_passes=1,arrange_passes=1
projection,page_size=500,page_count=1,repetition=27,page=0,results=500,prepare_ms=54.015500,apply_ms=3.969300,layout_ms=0.209000,flushes=1,measure_passes=1,arrange_passes=1
projection,page_size=500,page_count=1,repetition=28,page=0,results=500,prepare_ms=54.849400,apply_ms=4.172100,layout_ms=0.211900,flushes=1,measure_passes=1,arrange_passes=1
projection,page_size=500,page_count=1,repetition=29,page=0,results=500,prepare_ms=54.950700,apply_ms=3.442600,layout_ms=0.154400,flushes=1,measure_passes=1,arrange_passes=1
projection,page_size=100,page_count=10,repetition=0,page=0,results=100,prepare_ms=9.111400,apply_ms=0.685200,layout_ms=0.218900,flushes=1,measure_passes=1,arrange_passes=1
projection,page_size=100,page_count=10,repetition=0,page=1,results=200,prepare_ms=8.014700,apply_ms=0.749600,layout_ms=0.116900,flushes=1,measure_passes=1,arrange_passes=1
projection,page_size=100,page_count=10,repetition=0,page=2,results=300,prepare_ms=8.557200,apply_ms=1.180400,layout_ms=0.118700,flushes=1,measure_passes=1,arrange_passes=1
projection,page_size=100,page_count=10,repetition=0,page=3,results=400,prepare_ms=7.581500,apply_ms=1.455600,layout_ms=0.120600,flushes=1,measure_passes=1,arrange_passes=1
projection,page_size=100,page_count=10,repetition=0,page=4,results=500,prepare_ms=8.274500,apply_ms=1.911300,layout_ms=0.127600,flushes=1,measure_passes=1,arrange_passes=1
projection,page_size=100,page_count=10,repetition=0,page=5,results=600,prepare_ms=8.998300,apply_ms=3.743000,layout_ms=0.150900,flushes=1,measure_passes=1,arrange_passes=1
projection,page_size=100,page_count=10,repetition=0,page=6,results=700,prepare_ms=8.962000,apply_ms=4.040900,layout_ms=0.161400,flushes=1,measure_passes=1,arrange_passes=1
projection,page_size=100,page_count=10,repetition=0,page=7,results=800,prepare_ms=10.499600,apply_ms=6.658600,layout_ms=0.188200,flushes=1,measure_passes=1,arrange_passes=1
projection,page_size=100,page_count=10,repetition=0,page=8,results=900,prepare_ms=9.143200,apply_ms=6.535500,layout_ms=0.275200,flushes=1,measure_passes=1,arrange_passes=1
projection,page_size=100,page_count=10,repetition=0,page=9,results=1000,prepare_ms=8.914900,apply_ms=5.960400,layout_ms=0.160100,flushes=1,measure_passes=1,arrange_passes=1
projection,page_size=100,page_count=10,repetition=1,page=0,results=100,prepare_ms=10.023800,apply_ms=2.668200,layout_ms=0.216400,flushes=1,measure_passes=1,arrange_passes=1
projection,page_size=100,page_count=10,repetition=1,page=1,results=200,prepare_ms=10.061700,apply_ms=0.754300,layout_ms=0.137000,flushes=1,measure_passes=1,arrange_passes=1
projection,page_size=100,page_count=10,repetition=1,page=2,results=300,prepare_ms=9.347500,apply_ms=1.852100,layout_ms=0.206900,flushes=1,measure_passes=1,arrange_passes=1
projection,page_size=100,page_count=10,repetition=1,page=3,results=400,prepare_ms=11.814600,apply_ms=2.755100,layout_ms=0.212300,flushes=1,measure_passes=1,arrange_passes=1
projection,page_size=100,page_count=10,repetition=1,page=4,results=500,prepare_ms=10.985200,apply_ms=2.599600,layout_ms=0.188600,flushes=1,measure_passes=1,arrange_passes=1
projection,page_size=100,page_count=10,repetition=1,page=5,results=600,prepare_ms=10.706700,apply_ms=3.584100,layout_ms=0.218000,flushes=1,measure_passes=1,arrange_passes=1
projection,page_size=100,page_count=10,repetition=1,page=6,results=700,prepare_ms=7.862900,apply_ms=2.474300,layout_ms=0.236800,flushes=1,measure_passes=1,arrange_passes=1
projection,page_size=100,page_count=10,repetition=1,page=7,results=800,prepare_ms=8.952200,apply_ms=4.294600,layout_ms=0.145000,flushes=1,measure_passes=1,arrange_passes=1
projection,page_size=100,page_count=10,repetition=1,page=8,results=900,prepare_ms=9.953300,apply_ms=4.614300,layout_ms=0.148400,flushes=1,measure_passes=1,arrange_passes=1
projection,page_size=100,page_count=10,repetition=1,page=9,results=1000,prepare_ms=10.642700,apply_ms=6.871000,layout_ms=0.270100,flushes=1,measure_passes=1,arrange_passes=1
projection,page_size=100,page_count=10,repetition=2,page=0,results=100,prepare_ms=10.191200,apply_ms=4.049000,layout_ms=0.235600,flushes=1,measure_passes=1,arrange_passes=1
projection,page_size=100,page_count=10,repetition=2,page=1,results=200,prepare_ms=10.711000,apply_ms=1.273000,layout_ms=0.228200,flushes=1,measure_passes=1,arrange_passes=1
projection,page_size=100,page_count=10,repetition=2,page=2,results=300,prepare_ms=9.220700,apply_ms=1.736100,layout_ms=0.145200,flushes=1,measure_passes=1,arrange_passes=1
projection,page_size=100,page_count=10,repetition=2,page=3,results=400,prepare_ms=11.688100,apply_ms=2.579600,layout_ms=0.260000,flushes=1,measure_passes=1,arrange_passes=1
projection,page_size=100,page_count=10,repetition=2,page=4,results=500,prepare_ms=9.981000,apply_ms=2.513500,layout_ms=0.224800,flushes=1,measure_passes=1,arrange_passes=1
projection,page_size=100,page_count=10,repetition=2,page=5,results=600,prepare_ms=11.679600,apply_ms=2.596300,layout_ms=0.150500,flushes=1,measure_passes=1,arrange_passes=1
projection,page_size=100,page_count=10,repetition=2,page=6,results=700,prepare_ms=7.912100,apply_ms=3.589800,layout_ms=0.170900,flushes=1,measure_passes=1,arrange_passes=1
projection,page_size=100,page_count=10,repetition=2,page=7,results=800,prepare_ms=8.270800,apply_ms=2.879800,layout_ms=0.127100,flushes=1,measure_passes=1,arrange_passes=1
projection,page_size=100,page_count=10,repetition=2,page=8,results=900,prepare_ms=8.689700,apply_ms=4.779700,layout_ms=0.142200,flushes=1,measure_passes=1,arrange_passes=1
projection,page_size=100,page_count=10,repetition=2,page=9,results=1000,prepare_ms=9.036000,apply_ms=6.051800,layout_ms=0.222500,flushes=1,measure_passes=1,arrange_passes=1
projection,page_size=100,page_count=10,repetition=3,page=0,results=100,prepare_ms=7.691400,apply_ms=1.637400,layout_ms=0.208700,flushes=1,measure_passes=1,arrange_passes=1
projection,page_size=100,page_count=10,repetition=3,page=1,results=200,prepare_ms=8.404800,apply_ms=0.764600,layout_ms=0.117500,flushes=1,measure_passes=1,arrange_passes=1
projection,page_size=100,page_count=10,repetition=3,page=2,results=300,prepare_ms=9.305500,apply_ms=1.393200,layout_ms=0.203100,flushes=1,measure_passes=1,arrange_passes=1
projection,page_size=100,page_count=10,repetition=3,page=3,results=400,prepare_ms=10.804700,apply_ms=2.558400,layout_ms=0.209600,flushes=1,measure_passes=1,arrange_passes=1
projection,page_size=100,page_count=10,repetition=3,page=4,results=500,prepare_ms=9.285400,apply_ms=3.043700,layout_ms=0.209700,flushes=1,measure_passes=1,arrange_passes=1
projection,page_size=100,page_count=10,repetition=3,page=5,results=600,prepare_ms=12.913200,apply_ms=4.257900,layout_ms=0.238400,flushes=1,measure_passes=1,arrange_passes=1
projection,page_size=100,page_count=10,repetition=3,page=6,results=700,prepare_ms=11.048900,apply_ms=4.721200,layout_ms=0.227800,flushes=1,measure_passes=1,arrange_passes=1
projection,page_size=100,page_count=10,repetition=3,page=7,results=800,prepare_ms=8.174900,apply_ms=4.477600,layout_ms=0.209700,flushes=1,measure_passes=1,arrange_passes=1
projection,page_size=100,page_count=10,repetition=3,page=8,results=900,prepare_ms=12.011700,apply_ms=6.443700,layout_ms=0.260300,flushes=1,measure_passes=1,arrange_passes=1
projection,page_size=100,page_count=10,repetition=3,page=9,results=1000,prepare_ms=10.591700,apply_ms=7.097400,layout_ms=0.357800,flushes=1,measure_passes=1,arrange_passes=1
projection,page_size=100,page_count=10,repetition=4,page=0,results=100,prepare_ms=10.892100,apply_ms=1.746700,layout_ms=0.141300,flushes=1,measure_passes=1,arrange_passes=1
projection,page_size=100,page_count=10,repetition=4,page=1,results=200,prepare_ms=9.187400,apply_ms=0.807300,layout_ms=0.124900,flushes=1,measure_passes=1,arrange_passes=1
projection,page_size=100,page_count=10,repetition=4,page=2,results=300,prepare_ms=8.064400,apply_ms=1.064600,layout_ms=0.129700,flushes=1,measure_passes=1,arrange_passes=1
projection,page_size=100,page_count=10,repetition=4,page=3,results=400,prepare_ms=8.513300,apply_ms=2.067900,layout_ms=0.185700,flushes=1,measure_passes=1,arrange_passes=1
projection,page_size=100,page_count=10,repetition=4,page=4,results=500,prepare_ms=8.305100,apply_ms=1.953100,layout_ms=0.128100,flushes=1,measure_passes=1,arrange_passes=1
projection,page_size=100,page_count=10,repetition=4,page=5,results=600,prepare_ms=8.656500,apply_ms=2.156900,layout_ms=0.126900,flushes=1,measure_passes=1,arrange_passes=1
projection,page_size=100,page_count=10,repetition=4,page=6,results=700,prepare_ms=8.049400,apply_ms=2.413600,layout_ms=0.121300,flushes=1,measure_passes=1,arrange_passes=1
projection,page_size=100,page_count=10,repetition=4,page=7,results=800,prepare_ms=7.644000,apply_ms=2.744800,layout_ms=0.133300,flushes=1,measure_passes=1,arrange_passes=1
projection,page_size=100,page_count=10,repetition=4,page=8,results=900,prepare_ms=7.233500,apply_ms=3.256500,layout_ms=0.135500,flushes=1,measure_passes=1,arrange_passes=1
projection,page_size=100,page_count=10,repetition=4,page=9,results=1000,prepare_ms=8.477700,apply_ms=6.950700,layout_ms=0.234100,flushes=1,measure_passes=1,arrange_passes=1
projection,page_size=100,page_count=10,repetition=5,page=0,results=100,prepare_ms=11.131800,apply_ms=2.165000,layout_ms=0.174300,flushes=1,measure_passes=1,arrange_passes=1
projection,page_size=100,page_count=10,repetition=5,page=1,results=200,prepare_ms=10.387000,apply_ms=1.280400,layout_ms=0.265700,flushes=1,measure_passes=1,arrange_passes=1
projection,page_size=100,page_count=10,repetition=5,page=2,results=300,prepare_ms=11.566800,apply_ms=1.215800,layout_ms=0.136600,flushes=1,measure_passes=1,arrange_passes=1
projection,page_size=100,page_count=10,repetition=5,page=3,results=400,prepare_ms=10.933300,apply_ms=2.624000,layout_ms=0.232000,flushes=1,measure_passes=1,arrange_passes=1
projection,page_size=100,page_count=10,repetition=5,page=4,results=500,prepare_ms=12.140200,apply_ms=2.675700,layout_ms=0.156100,flushes=1,measure_passes=1,arrange_passes=1
projection,page_size=100,page_count=10,repetition=5,page=5,results=600,prepare_ms=11.792900,apply_ms=3.663800,layout_ms=0.197500,flushes=1,measure_passes=1,arrange_passes=1
projection,page_size=100,page_count=10,repetition=5,page=6,results=700,prepare_ms=13.226100,apply_ms=4.297300,layout_ms=0.223300,flushes=1,measure_passes=1,arrange_passes=1
projection,page_size=100,page_count=10,repetition=5,page=7,results=800,prepare_ms=11.451400,apply_ms=4.832300,layout_ms=0.157900,flushes=1,measure_passes=1,arrange_passes=1
projection,page_size=100,page_count=10,repetition=5,page=8,results=900,prepare_ms=10.066900,apply_ms=4.666800,layout_ms=0.152100,flushes=1,measure_passes=1,arrange_passes=1
projection,page_size=100,page_count=10,repetition=5,page=9,results=1000,prepare_ms=10.338400,apply_ms=8.101000,layout_ms=0.243200,flushes=1,measure_passes=1,arrange_passes=1
projection,page_size=100,page_count=10,repetition=6,page=0,results=100,prepare_ms=11.886900,apply_ms=3.000100,layout_ms=0.234600,flushes=1,measure_passes=1,arrange_passes=1
projection,page_size=100,page_count=10,repetition=6,page=1,results=200,prepare_ms=10.851100,apply_ms=1.291200,layout_ms=0.153000,flushes=1,measure_passes=1,arrange_passes=1
projection,page_size=100,page_count=10,repetition=6,page=2,results=300,prepare_ms=10.657900,apply_ms=1.757000,layout_ms=0.213500,flushes=1,measure_passes=1,arrange_passes=1
projection,page_size=100,page_count=10,repetition=6,page=3,results=400,prepare_ms=10.140700,apply_ms=2.503600,layout_ms=0.202900,flushes=1,measure_passes=1,arrange_passes=1
projection,page_size=100,page_count=10,repetition=6,page=4,results=500,prepare_ms=11.576700,apply_ms=3.264900,layout_ms=0.157400,flushes=1,measure_passes=1,arrange_passes=1
projection,page_size=100,page_count=10,repetition=6,page=5,results=600,prepare_ms=10.237400,apply_ms=3.853600,layout_ms=0.239500,flushes=1,measure_passes=1,arrange_passes=1
projection,page_size=100,page_count=10,repetition=6,page=6,results=700,prepare_ms=11.203000,apply_ms=3.532800,layout_ms=0.153100,flushes=1,measure_passes=1,arrange_passes=1
projection,page_size=100,page_count=10,repetition=6,page=7,results=800,prepare_ms=7.435800,apply_ms=5.552000,layout_ms=0.220300,flushes=1,measure_passes=1,arrange_passes=1
projection,page_size=100,page_count=10,repetition=6,page=8,results=900,prepare_ms=7.812800,apply_ms=4.925700,layout_ms=0.145100,flushes=1,measure_passes=1,arrange_passes=1
projection,page_size=100,page_count=10,repetition=6,page=9,results=1000,prepare_ms=7.842600,apply_ms=4.526300,layout_ms=0.216800,flushes=1,measure_passes=1,arrange_passes=1
projection,page_size=100,page_count=10,repetition=7,page=0,results=100,prepare_ms=8.732500,apply_ms=1.648800,layout_ms=0.138800,flushes=1,measure_passes=1,arrange_passes=1
projection,page_size=100,page_count=10,repetition=7,page=1,results=200,prepare_ms=9.098900,apply_ms=1.190100,layout_ms=0.234800,flushes=1,measure_passes=1,arrange_passes=1
projection,page_size=100,page_count=10,repetition=7,page=2,results=300,prepare_ms=11.282400,apply_ms=1.890300,layout_ms=0.269100,flushes=1,measure_passes=1,arrange_passes=1
projection,page_size=100,page_count=10,repetition=7,page=3,results=400,prepare_ms=7.608100,apply_ms=2.093100,layout_ms=0.177900,flushes=1,measure_passes=1,arrange_passes=1
projection,page_size=100,page_count=10,repetition=7,page=4,results=500,prepare_ms=8.681800,apply_ms=2.937500,layout_ms=0.209300,flushes=1,measure_passes=1,arrange_passes=1
projection,page_size=100,page_count=10,repetition=7,page=5,results=600,prepare_ms=9.428300,apply_ms=3.067200,layout_ms=0.137400,flushes=1,measure_passes=1,arrange_passes=1
projection,page_size=100,page_count=10,repetition=7,page=6,results=700,prepare_ms=8.802800,apply_ms=4.051600,layout_ms=0.212600,flushes=1,measure_passes=1,arrange_passes=1
projection,page_size=100,page_count=10,repetition=7,page=7,results=800,prepare_ms=9.561400,apply_ms=2.973900,layout_ms=0.132700,flushes=1,measure_passes=1,arrange_passes=1
projection,page_size=100,page_count=10,repetition=7,page=8,results=900,prepare_ms=8.381800,apply_ms=4.595300,layout_ms=0.198200,flushes=1,measure_passes=1,arrange_passes=1
projection,page_size=100,page_count=10,repetition=7,page=9,results=1000,prepare_ms=10.431900,apply_ms=4.137500,layout_ms=0.148600,flushes=1,measure_passes=1,arrange_passes=1
projection,page_size=100,page_count=10,repetition=8,page=0,results=100,prepare_ms=7.575400,apply_ms=1.453100,layout_ms=0.135100,flushes=1,measure_passes=1,arrange_passes=1
projection,page_size=100,page_count=10,repetition=8,page=1,results=200,prepare_ms=7.238800,apply_ms=0.699400,layout_ms=0.114500,flushes=1,measure_passes=1,arrange_passes=1
projection,page_size=100,page_count=10,repetition=8,page=2,results=300,prepare_ms=7.387500,apply_ms=1.093700,layout_ms=0.123100,flushes=1,measure_passes=1,arrange_passes=1
projection,page_size=100,page_count=10,repetition=8,page=3,results=400,prepare_ms=7.300800,apply_ms=1.578200,layout_ms=0.122500,flushes=1,measure_passes=1,arrange_passes=1
projection,page_size=100,page_count=10,repetition=8,page=4,results=500,prepare_ms=7.635600,apply_ms=1.813000,layout_ms=0.121500,flushes=1,measure_passes=1,arrange_passes=1
projection,page_size=100,page_count=10,repetition=8,page=5,results=600,prepare_ms=10.628800,apply_ms=3.116000,layout_ms=0.217200,flushes=1,measure_passes=1,arrange_passes=1
projection,page_size=100,page_count=10,repetition=8,page=6,results=700,prepare_ms=9.846700,apply_ms=3.358900,layout_ms=0.152600,flushes=1,measure_passes=1,arrange_passes=1
projection,page_size=100,page_count=10,repetition=8,page=7,results=800,prepare_ms=10.432800,apply_ms=3.326900,layout_ms=0.146700,flushes=1,measure_passes=1,arrange_passes=1
projection,page_size=100,page_count=10,repetition=8,page=8,results=900,prepare_ms=10.755500,apply_ms=8.270700,layout_ms=0.360700,flushes=1,measure_passes=1,arrange_passes=1
projection,page_size=100,page_count=10,repetition=8,page=9,results=1000,prepare_ms=11.241200,apply_ms=5.841200,layout_ms=0.239800,flushes=1,measure_passes=1,arrange_passes=1
projection,page_size=100,page_count=10,repetition=9,page=0,results=100,prepare_ms=9.750900,apply_ms=2.812900,layout_ms=0.221500,flushes=1,measure_passes=1,arrange_passes=1
projection,page_size=100,page_count=10,repetition=9,page=1,results=200,prepare_ms=9.957200,apply_ms=1.338800,layout_ms=0.208500,flushes=1,measure_passes=1,arrange_passes=1
projection,page_size=100,page_count=10,repetition=9,page=2,results=300,prepare_ms=8.014800,apply_ms=1.063500,layout_ms=0.120900,flushes=1,measure_passes=1,arrange_passes=1
projection,page_size=100,page_count=10,repetition=9,page=3,results=400,prepare_ms=10.353100,apply_ms=2.431300,layout_ms=0.178700,flushes=1,measure_passes=1,arrange_passes=1
projection,page_size=100,page_count=10,repetition=9,page=4,results=500,prepare_ms=8.354900,apply_ms=2.993100,layout_ms=0.193700,flushes=1,measure_passes=1,arrange_passes=1
projection,page_size=100,page_count=10,repetition=9,page=5,results=600,prepare_ms=10.245100,apply_ms=2.685700,layout_ms=0.224200,flushes=1,measure_passes=1,arrange_passes=1
projection,page_size=100,page_count=10,repetition=9,page=6,results=700,prepare_ms=8.381300,apply_ms=2.763300,layout_ms=0.141900,flushes=1,measure_passes=1,arrange_passes=1
projection,page_size=100,page_count=10,repetition=9,page=7,results=800,prepare_ms=7.269600,apply_ms=3.092300,layout_ms=0.154200,flushes=1,measure_passes=1,arrange_passes=1
projection,page_size=100,page_count=10,repetition=9,page=8,results=900,prepare_ms=7.128200,apply_ms=4.892900,layout_ms=0.214100,flushes=1,measure_passes=1,arrange_passes=1
projection,page_size=100,page_count=10,repetition=9,page=9,results=1000,prepare_ms=9.628400,apply_ms=6.335700,layout_ms=0.269600,flushes=1,measure_passes=1,arrange_passes=1
