"run"	"probe"	"copy-metadata-baseline-v1"
"run"	"platform"	"Windows"
"run"	"compiler"	"16.2.0"
"run"	"libstdcxx_date"	"20260807"
"run"	"pointer_bytes"	"8"
"run"	"file_clock_period_numerator"	"1"
"run"	"file_clock_period_denominator"	"1000000000"
"run"	"owned_temp"	"D:/a/_temp/msys64/tmp/file-manager-copy-metadata-3122776113-3044548709"
"ordinary"	"copy_error"	"The operation completed successfully"
"ordinary"	"contents_equal"	"yes"
"ordinary"	"source_permissions_decimal"	"438"
"ordinary"	"destination_permissions_decimal"	"438"
"ordinary"	"permissions_equal"	"yes"
"ordinary"	"source_mtime_clock_ticks"	"-4646658637000000000"
"ordinary"	"destination_mtime_clock_ticks"	"-4646658637000000000"
"ordinary"	"mtime_equal"	"yes"
"readonly"	"copy_error"	"The operation completed successfully"
"readonly"	"contents_equal"	"yes"
"readonly"	"source_permissions_decimal"	"292"
"readonly"	"destination_permissions_decimal"	"292"
"readonly"	"permissions_equal"	"yes"
"readonly"	"source_mtime_clock_ticks"	"-4646658637000000000"
"readonly"	"destination_mtime_clock_ticks"	"-4646658637000000000"
"readonly"	"mtime_equal"	"yes"
"timestamp"	"copy_error"	"The operation completed successfully"
"timestamp"	"contents_equal"	"yes"
"timestamp"	"source_permissions_decimal"	"438"
"timestamp"	"destination_permissions_decimal"	"438"
"timestamp"	"permissions_equal"	"yes"
"timestamp"	"source_mtime_clock_ticks"	"-4804338637000000000"
"timestamp"	"destination_mtime_clock_ticks"	"-4646658637000000000"
"timestamp"	"mtime_equal"	"no"
"named-stream"	"copy_error"	"The operation completed successfully"
"named-stream"	"contents_equal"	"yes"
"named-stream"	"source_permissions_decimal"	"438"
"named-stream"	"destination_permissions_decimal"	"438"
"named-stream"	"permissions_equal"	"yes"
"named-stream"	"source_mtime_clock_ticks"	"-4646658637000000000"
"named-stream"	"destination_mtime_clock_ticks"	"-4646658637000000000"
"named-stream"	"mtime_equal"	"yes"
"named-stream"	"source_metadata"	"generated ADS payload"
"named-stream"	"destination_metadata_state"	"absent"
"named-stream"	"destination_metadata"	"2"
"named-stream"	"metadata_equal"	"no"
"sparse-source"	"logical_bytes"	"8388608"
"sparse-source"	"allocated_bytes"	"65536"
"sparse-source"	"allocation_less_than_logical"	"yes"
"sparse"	"copy_error"	"The operation completed successfully"
"sparse"	"contents_equal"	"yes"
"sparse"	"source_permissions_decimal"	"438"
"sparse"	"destination_permissions_decimal"	"438"
"sparse"	"permissions_equal"	"yes"
"sparse"	"source_mtime_clock_ticks"	"-4646658637000000000"
"sparse"	"destination_mtime_clock_ticks"	"-4646658637000000000"
"sparse"	"mtime_equal"	"yes"
"sparse-copy"	"logical_bytes"	"8388608"
"sparse-copy"	"allocated_bytes"	"8388608"
"sparse-copy"	"allocation_less_than_logical"	"no"
"run"	"cleanup"	"verified exact owned scope; removed"
"run"	"result"	"completed"
