fixture,orientation,repetition,encoded_bytes,width,height,output_bytes,decode_ms
baseline-24mp,1,0,662876,750,500,1500000,20.5826
baseline-24mp,1,1,662876,750,500,1500000,19.9157
baseline-24mp,1,2,662876,750,500,1500000,20.0888
baseline-24mp,1,3,662876,750,500,1500000,20.1395
baseline-24mp,1,4,662876,750,500,1500000,19.9584
baseline-24mp,1,5,662876,750,500,1500000,19.769
baseline-24mp,1,6,662876,750,500,1500000,19.813
baseline-24mp,1,7,662876,750,500,1500000,20.3545
baseline-24mp,1,8,662876,750,500,1500000,20.0268
baseline-24mp,1,9,662876,750,500,1500000,20.1239
baseline-24mp,1,10,662876,750,500,1500000,19.8799
baseline-24mp,1,11,662876,750,500,1500000,20.5887
baseline-24mp,1,12,662876,750,500,1500000,20.4197
baseline-24mp,1,13,662876,750,500,1500000,20.3671
baseline-24mp,1,14,662876,750,500,1500000,20.4661
baseline-24mp,1,15,662876,750,500,1500000,20.4463
baseline-24mp,1,16,662876,750,500,1500000,20.4137
baseline-24mp,1,17,662876,750,500,1500000,20.7001
baseline-24mp,1,18,662876,750,500,1500000,20.5011
baseline-24mp,1,19,662876,750,500,1500000,20.3222
baseline-24mp,1,20,662876,750,500,1500000,20.2603
baseline-24mp,1,21,662876,750,500,1500000,20.3072
baseline-24mp,1,22,662876,750,500,1500000,20.8162
baseline-24mp,1,23,662876,750,500,1500000,20.6293
baseline-24mp,1,24,662876,750,500,1500000,20.8115
baseline-24mp,1,25,662876,750,500,1500000,20.2916
baseline-24mp,1,26,662876,750,500,1500000,20.4748
baseline-24mp,1,27,662876,750,500,1500000,20.0947
baseline-24mp,1,28,662876,750,500,1500000,20.2226
baseline-24mp,1,29,662876,750,500,1500000,20.1913
baseline-24mp,1,30,662876,750,500,1500000,20.1989
baseline-24mp,6,0,662876,500,750,1500000,20.5281
baseline-24mp,6,1,662876,500,750,1500000,20.8328
baseline-24mp,6,2,662876,500,750,1500000,20.5935
baseline-24mp,6,3,662876,500,750,1500000,20.5265
baseline-24mp,6,4,662876,500,750,1500000,20.667
baseline-24mp,6,5,662876,500,750,1500000,20.5655
baseline-24mp,6,6,662876,500,750,1500000,20.7678
baseline-24mp,6,7,662876,500,750,1500000,20.9204
baseline-24mp,6,8,662876,500,750,1500000,20.8281
baseline-24mp,6,9,662876,500,750,1500000,20.5044
baseline-24mp,6,10,662876,500,750,1500000,20.9721
baseline-24mp,6,11,662876,500,750,1500000,20.919
baseline-24mp,6,12,662876,500,750,1500000,20.5936
baseline-24mp,6,13,662876,500,750,1500000,20.6264
baseline-24mp,6,14,662876,500,750,1500000,20.9685
baseline-24mp,6,15,662876,500,750,1500000,20.735
baseline-24mp,6,16,662876,500,750,1500000,21.0581
baseline-24mp,6,17,662876,500,750,1500000,21.0818
baseline-24mp,6,18,662876,500,750,1500000,20.457
baseline-24mp,6,19,662876,500,750,1500000,21.1348
baseline-24mp,6,20,662876,500,750,1500000,20.9484
baseline-24mp,6,21,662876,500,750,1500000,20.9416
baseline-24mp,6,22,662876,500,750,1500000,21.1759
baseline-24mp,6,23,662876,500,750,1500000,20.7862
baseline-24mp,6,24,662876,500,750,1500000,20.5929
baseline-24mp,6,25,662876,500,750,1500000,20.7815
baseline-24mp,6,26,662876,500,750,1500000,20.8448
baseline-24mp,6,27,662876,500,750,1500000,21.0306
baseline-24mp,6,28,662876,500,750,1500000,21.4105
baseline-24mp,6,29,662876,500,750,1500000,20.7731
baseline-24mp,6,30,662876,500,750,1500000,20.5857
progressive-3mp,1,0,38778,1024,768,3145728,36.1371
progressive-3mp,1,1,38778,1024,768,3145728,36.8819
progressive-3mp,1,2,38778,1024,768,3145728,37.3153
progressive-3mp,1,3,38778,1024,768,3145728,37.0753
progressive-3mp,1,4,38778,1024,768,3145728,39.4063
progressive-3mp,1,5,38778,1024,768,3145728,37.3867
progressive-3mp,1,6,38778,1024,768,3145728,37.0116
progressive-3mp,1,7,38778,1024,768,3145728,36.3958
progressive-3mp,1,8,38778,1024,768,3145728,35.9237
progressive-3mp,1,9,38778,1024,768,3145728,36.29
progressive-3mp,1,10,38778,1024,768,3145728,36.5024
progressive-3mp,1,11,38778,1024,768,3145728,36.3355
progressive-3mp,1,12,38778,1024,768,3145728,44.0594
progressive-3mp,1,13,38778,1024,768,3145728,65.7975
progressive-3mp,1,14,38778,1024,768,3145728,75.6899
progressive-3mp,1,15,38778,1024,768,3145728,59.7914
progressive-3mp,1,16,38778,1024,768,3145728,55.2301
progressive-3mp,1,17,38778,1024,768,3145728,36.3853
progressive-3mp,1,18,38778,1024,768,3145728,38.446
progressive-3mp,1,19,38778,1024,768,3145728,37.4321
progressive-3mp,1,20,38778,1024,768,3145728,36.4002
progressive-3mp,1,21,38778,1024,768,3145728,36.4156
progressive-3mp,1,22,38778,1024,768,3145728,39.2277
progressive-3mp,1,23,38778,1024,768,3145728,39.4482
progressive-3mp,1,24,38778,1024,768,3145728,37.8349
progressive-3mp,1,25,38778,1024,768,3145728,37.7803
progressive-3mp,1,26,38778,1024,768,3145728,37.5881
progressive-3mp,1,27,38778,1024,768,3145728,36.8717
progressive-3mp,1,28,38778,1024,768,3145728,36.3907
progressive-3mp,1,29,38778,1024,768,3145728,37.4045
progressive-3mp,1,30,38778,1024,768,3145728,36.4947
progressive-3mp,6,0,38778,768,1024,3145728,37.9187
progressive-3mp,6,1,38778,768,1024,3145728,37.9989
progressive-3mp,6,2,38778,768,1024,3145728,38.216
progressive-3mp,6,3,38778,768,1024,3145728,39.4911
progressive-3mp,6,4,38778,768,1024,3145728,37.9887
progressive-3mp,6,5,38778,768,1024,3145728,38.7022
progressive-3mp,6,6,38778,768,1024,3145728,38.3596
progressive-3mp,6,7,38778,768,1024,3145728,38.4289
progressive-3mp,6,8,38778,768,1024,3145728,38.1325
progressive-3mp,6,9,38778,768,1024,3145728,37.9909
progressive-3mp,6,10,38778,768,1024,3145728,38.7028
progressive-3mp,6,11,38778,768,1024,3145728,38.5603
progressive-3mp,6,12,38778,768,1024,3145728,38.5135
progressive-3mp,6,13,38778,768,1024,3145728,37.9364
progressive-3mp,6,14,38778,768,1024,3145728,38.3999
progressive-3mp,6,15,38778,768,1024,3145728,38.1046
progressive-3mp,6,16,38778,768,1024,3145728,47.1273
progressive-3mp,6,17,38778,768,1024,3145728,41.7919
progressive-3mp,6,18,38778,768,1024,3145728,38.1544
progressive-3mp,6,19,38778,768,1024,3145728,37.9072
progressive-3mp,6,20,38778,768,1024,3145728,47.0408
progressive-3mp,6,21,38778,768,1024,3145728,38.9859
progressive-3mp,6,22,38778,768,1024,3145728,38.4707
progressive-3mp,6,23,38778,768,1024,3145728,44.1563
progressive-3mp,6,24,38778,768,1024,3145728,38.3285
progressive-3mp,6,25,38778,768,1024,3145728,40.6313
progressive-3mp,6,26,38778,768,1024,3145728,39.444
progressive-3mp,6,27,38778,768,1024,3145728,37.8729
progressive-3mp,6,28,38778,768,1024,3145728,38.6088
progressive-3mp,6,29,38778,768,1024,3145728,39.1072
progressive-3mp,6,30,38778,768,1024,3145728,39.2637
