case,size,stability,algorithm,best_total_ns,iterations,ns_per_sort,checksum
correspondence-three,3,unstable,std_sort,256875,120000,2.14,12196001018878589757
correspondence-three,3,unstable,house_insertion,137583,120000,1.15,12196001018878589757
correspondence-three,3,unstable,house_introsort,4158042,120000,34.65,12196001018878589757
selection-nearly-ordered,16,unstable,std_sort,369292,50000,7.39,15907724023796761236
selection-nearly-ordered,16,unstable,house_insertion,270917,50000,5.42,15907724023796761236
selection-nearly-ordered,16,unstable,house_introsort,1346834,50000,26.94,15907724023796761236
selection-moderate,64,unstable,std_sort,648875,16000,40.55,16978127751362230113
selection-moderate,64,unstable,house_insertion,307667,16000,19.23,16978127751362230113
selection-moderate,64,unstable,house_introsort,1255500,16000,78.47,16978127751362230113
selection-random,64,unstable,std_sort,2023000,16000,126.44,2084579218685237670
selection-random,64,unstable,house_insertion,5058834,16000,316.18,2084579218685237670
selection-random,64,unstable,house_introsort,2636583,16000,164.79,2084579218685237670
damage-duplicate-edges,128,unstable,std_sort,1115417,7000,159.35,5416747806917347540
damage-duplicate-edges,128,unstable,house_insertion,267208,7000,38.17,5416747806917347540
damage-duplicate-edges,128,unstable,house_introsort,1194166,7000,170.60,5416747806917347540
damage-random-edges,512,unstable,std_sort,2289292,1200,1907.74,15585166821788788476
damage-random-edges,512,unstable,house_insertion,22211625,1200,18509.69,15585166821788788476
damage-random-edges,512,unstable,house_introsort,2480958,1200,2067.47,15585166821788788476
stable-id-strings,32,unstable,std_sort,3391625,10000,339.16,6552159996299722378
stable-id-strings,32,unstable,house_insertion,6560625,10000,656.06,6552159996299722378
stable-id-strings,32,unstable,house_introsort,3988958,10000,398.90,6552159996299722378
font-face-tiers,12,stable,std_stable_sort,1156500,70000,16.52,5785253345887241380
font-face-tiers,12,stable,house_insertion,1271625,70000,18.17,5785253345887241380
font-face-tiers,12,stable,house_adaptive,2000000,70000,28.57,5785253345887241380
tab-order-small,32,stable,std_stable_sort,1392209,22000,63.28,5753679444506649741
tab-order-small,32,stable,house_insertion,1664333,22000,75.65,5753679444506649741
tab-order-small,32,stable,house_adaptive,3077583,22000,139.89,5753679444506649741
tab-order-moderate,256,stable,std_stable_sort,2140000,2500,856.00,3419339278188556281
tab-order-moderate,256,stable,house_insertion,7675500,2500,3070.20,3419339278188556281
tab-order-moderate,256,stable,house_adaptive,2756291,2500,1102.52,3419339278188556281
